diagnosed_disease,total_cases,cases_last_90_days,avg_recurrence_per_user,signal_strength
Common Cold,355,86,3.227272727272727,132.28
Viral Fever,195,53,2.0103092783505154,82.06
GERD,191,49,1.9489795918367347,78.12
Asthma,141,33,1.7407407407407407,63.32
Migraine,144,27,1.7142857142857142,59.06
